{"cameraMode":{"drawMode":0,"name":"Shaded","section":"Shading Mode"},"sceneLighting":true,"audioPlay":false,"sceneViewState":{"m_AlwaysRefresh":false,"showFog":true,"showSkybox":true,"showFlares":true,"showImageEffects":true,"showParticleSystems":true,"showVisualEffectGraphs":true,"m_FxEnabled":true},"in2DMode":false,"pivot":{"x":352.31439208984377,"y":291.43280029296877,"z":19.034271240234376},"rotation":{"x":0.03024725802242756,"y":0.06174352392554283,"z":-0.0018744170665740967,"w":0.9976451396942139},"size":165.269287109375,"orthographic":false}