{"cameraMode":{"drawMode":0,"name":"Shaded","section":"Shading Mode"},"sceneLighting":true,"audioPlay":false,"sceneViewState":{"m_AlwaysRefresh":false,"showFog":true,"showSkybox":true,"showFlares":true,"showImageEffects":true,"showParticleSystems":true,"showVisualEffectGraphs":true,"m_FxEnabled":true},"in2DMode":false,"pivot":{"x":463.7043151855469,"y":200.329345703125,"z":-1.0498580932617188},"rotation":{"x":0.07071873545646668,"y":0.03023013286292553,"z":-0.0021469262428581716,"w":0.9970493316650391},"size":16.38045883178711,"orthographic":false}